Id,TestTime,Result
01GPF121JWJQXXSQGZHH76VMTX,1/29/2022,Fail
01GPF121JWJQXXSQGZHH76VMTX,1/30/2022,Pass
01GPF121JWJQXXSQGZHH76VMTX,1/15/2022,Fail
01GPF121K09T2ESTQ4QHP6WN90,1/15/2022,Fail
01GPF121K09T2ESTQ4QHP6WN90,1/15/2022,Fail
01GPF121K09T2ESTQ4QHP6WN90,1/11/2022,Pass
01GPF121K09T2ESTQ4QHP6WN90,1/14/2022,Fail
01GPF121K09T2ESTQ4QHP6WN90,1/11/2022,Fail
01GPF121K42EBDG6CXTED8E7VR,1/10/2022,Fail
01GPF121K42EBDG6CXTED8E7VR,1/26/2022,Pass
01GPF121K42EBDG6CXTED8E7VR,1/29/2022,Pass
01GPF121K8WSVRC3CDKP68ZA9G,1/15/2022,Pass
01GPF121K8WSVRC3CDKP68ZA9G,1/21/2022,Fail
01GPF121K8WSVRC3CDKP68ZA9G,1/7/2022,Pass
01GPF121K8WSVRC3CDKP68ZA9G,1/12/2022,Fail
01GPF121K8WSVRC3CDKP68ZA9G,1/29/2022,Fail
01GPF121KC0XDVEDVDSCBEP226,1/27/2022,Fail
01GPF121KC0XDVEDVDSCBEP226,1/1/2022,Pass
01GPF121KC0XDVEDVDSCBEP226,1/23/2022,Fail
01GPF121KF4GNDRTGPXARZAZ5X,1/17/2022,Fail
01GPF121KF4GNDRTGPXARZAZ5X,1/3/2022,Fail
01GPF121KF4GNDRTGPXARZAZ5X,1/30/2022,Pass
01GPF121KJFE04SWJ8XX2RJ4XW,1/15/2022,Pass
01GPF121KJFE04SWJ8XX2RJ4XW,1/9/2022,Pass
01GPF121KJFE04SWJ8XX2RJ4XW,1/15/2022,Fail
01GPF121KJFE04SWJ8XX2RJ4XW,1/17/2022,Pass
01GPF121KJFE04SWJ8XX2RJ4XW,1/5/2022,Pass
01GPF121KJFE04SWJ8XX2RJ4XW,1/14/2022,Pass
01GPF121KRFP4HDK8NJGNJHX05,1/19/2022,Pass
01GPF121KRFP4HDK8NJGNJHX05,1/15/2022,Pass
01GPF121KRFP4HDK8NJGNJHX05,1/28/2022,Pass
01GPF121KV0MPBJF9QDMY19E6W,1/9/2022,Pass
01GPF121KV0MPBJF9QDMY19E6W,1/23/2022,Fail
01GPF121KV0MPBJF9QDMY19E6W,1/12/2022,Fail
01GPF121KYQPDE35WATJ00122S,1/24/2022,Pass
01GPF121KYQPDE35WATJ00122S,1/22/2022,Pass
01GPF121KYQPDE35WATJ00122S,1/27/2022,Fail
01GPF121M11SH2ZZHVB6X6NPHF,1/29/2022,Fail
01GPF121M11SH2ZZHVB6X6NPHF,1/22/2022,Pass
01GPF121M11SH2ZZHVB6X6NPHF,1/9/2022,Fail
01GPF121M11SH2ZZHVB6X6NPHF,1/16/2022,Fail
01GPF121M11SH2ZZHVB6X6NPHF,1/3/2022,Pass
01GPF121M59ECQF3Q0VK9J8ZXF,1/10/2022,Fail
01GPF121M59ECQF3Q0VK9J8ZXF,1/5/2022,Pass
01GPF121M59ECQF3Q0VK9J8ZXF,1/29/2022,Fail
01GPF121M89MTVN27Y711G0049,1/30/2022,Fail
01GPF121M89MTVN27Y711G0049,1/16/2022,Fail
01GPF121M89MTVN27Y711G0049,1/21/2022,Pass
01GPF121MBATWRXKWDZSAA756F,1/19/2022,Pass
01GPF121MBATWRXKWDZSAA756F,1/15/2022,Pass
01GPF121MBATWRXKWDZSAA756F,1/25/2022,Pass
01GPF121MBATWRXKWDZSAA756F,1/30/2022,Fail
01GPF121MBATWRXKWDZSAA756F,1/13/2022,Pass
01GPF121MGCY5T13BA7H2C7M5K,1/1/2022,Pass
01GPF121MGCY5T13BA7H2C7M5K,1/27/2022,Fail
01GPF121MGCY5T13BA7H2C7M5K,1/9/2022,Fail
01GPF121MGCY5T13BA7H2C7M5K,1/11/2022,Pass
01GPF121MGCY5T13BA7H2C7M5K,1/7/2022,Fail
01GPF121MGCY5T13BA7H2C7M5K,1/18/2022,Fail
01GPF121MQ11TC4JV4RF0CX7RQ,1/18/2022,Pass
01GPF121MQ11TC4JV4RF0CX7RQ,1/10/2022,Pass
01GPF121MQ11TC4JV4RF0CX7RQ,1/5/2022,Pass
01GPF121MQ11TC4JV4RF0CX7RQ,1/5/2022,Pass
01GPF121MWRXT5MZY5V4EH1QTG,1/1/2022,Fail
01GPF121MWRXT5MZY5V4EH1QTG,1/5/2022,Pass
01GPF121MWRXT5MZY5V4EH1QTG,1/9/2022,Fail
01GPF121MWRXT5MZY5V4EH1QTG,1/9/2022,Pass
01GPF121NSMZDGGRN62XMFGHHC,1/23/2022,Fail
01GPF121NSMZDGGRN62XMFGHHC,1/19/2022,Pass
01GPF121NSMZDGGRN62XMFGHHC,1/23/2022,Pass
01GPF121NSMZDGGRN62XMFGHHC,1/17/2022,Pass
01GPF121NSMZDGGRN62XMFGHHC,1/20/2022,Fail
01GPF121NZZZ61KM30QR8QZY2R,1/15/2022,Pass
01GPF121NZZZ61KM30QR8QZY2R,1/14/2022,Pass
01GPF121NZZZ61KM30QR8QZY2R,1/9/2022,Pass
01GPF121NZZZ61KM30QR8QZY2R,1/21/2022,Pass
01GPF121NZZZ61KM30QR8QZY2R,1/11/2022,Pass
01GPF121P4PWSGM31F2NT9JGR6,1/14/2022,Pass
01GPF121P4PWSGM31F2NT9JGR6,1/11/2022,Pass
01GPF121P4PWSGM31F2NT9JGR6,1/29/2022,Pass
01GPF121P79MH7X5HCJVHYSJ7Q,1/28/2022,Fail
01GPF121P79MH7X5HCJVHYSJ7Q,1/16/2022,Pass
01GPF121P79MH7X5HCJVHYSJ7Q,1/11/2022,Pass
01GPF121P79MH7X5HCJVHYSJ7Q,1/28/2022,Fail
01GPF121P79MH7X5HCJVHYSJ7Q,1/29/2022,Fail
01GPF121PDVXFYS7P70H2NE2A2,1/13/2022,Fail
01GPF121PDVXFYS7P70H2NE2A2,1/5/2022,Pass
01GPF121PDVXFYS7P70H2NE2A2,1/30/2022,Pass
01GPF121PH0TAAV6Z6WBH2PZZB,1/13/2022,Fail
01GPF121PH0TAAV6Z6WBH2PZZB,1/7/2022,Fail
01GPF121PH0TAAV6Z6WBH2PZZB,1/15/2022,Pass
01GPF121PH0TAAV6Z6WBH2PZZB,1/10/2022,Fail
01GPF121PH0TAAV6Z6WBH2PZZB,1/26/2022,Pass
01GPF121PQMH86JPF22V1MNP40,1/24/2022,Pass
01GPF121PQMH86JPF22V1MNP40,1/2/2022,Pass
01GPF121PQMH86JPF22V1MNP40,1/22/2022,Pass
01GPF121PT640D0SPM8VKWZACA,1/1/2022,Pass
01GPF121PT640D0SPM8VKWZACA,1/9/2022,Fail
01GPF121PT640D0SPM8VKWZACA,1/4/2022,Fail
01GPF121PT640D0SPM8VKWZACA,1/25/2022,Fail
01GPF121PT640D0SPM8VKWZACA,1/22/2022,Fail
01GPF121PT640D0SPM8VKWZACA,1/24/2022,Fail
01GPF121PT640D0SPM8VKWZACA,1/3/2022,Fail
01GPF121PT640D0SPM8VKWZACA,1/25/2022,Pass
01GPF121PT640D0SPM8VKWZACA,1/14/2022,Fail
01GPF121Q41QC9NX3GM3T1T11D,1/11/2022,Fail
01GPF121Q41QC9NX3GM3T1T11D,1/3/2022,Pass
01GPF121Q41QC9NX3GM3T1T11D,1/23/2022,Pass
01GPF121Q41QC9NX3GM3T1T11D,1/18/2022,Pass
01GPF121Q41QC9NX3GM3T1T11D,1/16/2022,Pass
01GPF121QAJM69PX36A0GFQ179,1/28/2022,Pass
01GPF121QAJM69PX36A0GFQ179,1/26/2022,Fail
01GPF121QAJM69PX36A0GFQ179,1/29/2022,Pass
01GPF121QDQCT5TQVCSRHKGCHC,1/9/2022,Fail
01GPF121QDQCT5TQVCSRHKGCHC,1/26/2022,Pass
01GPF121QDQCT5TQVCSRHKGCHC,1/2/2022,Fail
01GPF121QDQCT5TQVCSRHKGCHC,1/26/2022,Pass
01GPF121QDQCT5TQVCSRHKGCHC,1/14/2022,Fail
01GPF121QDQCT5TQVCSRHKGCHC,1/25/2022,Pass
01GPF121QKN16NFD764HMT2MC7,1/1/2022,Fail
01GPF121QKN16NFD764HMT2MC7,1/24/2022,Pass
01GPF121QKN16NFD764HMT2MC7,1/25/2022,Fail
01GPF121QKN16NFD764HMT2MC7,1/18/2022,Pass
01GPF121QKN16NFD764HMT2MC7,1/22/2022,Pass
01GPF121QSWERY9X3E812HN75E,1/19/2022,Pass
01GPF121QSWERY9X3E812HN75E,1/14/2022,Pass
01GPF121QSWERY9X3E812HN75E,1/13/2022,Fail
01GPF121QSWERY9X3E812HN75E,1/18/2022,Pass
01GPF121QSWERY9X3E812HN75E,1/11/2022,Fail
01GPF121QSWERY9X3E812HN75E,1/4/2022,Pass
01GPF121R0VN2S2NK5BWFNR8XH,1/30/2022,Fail
01GPF121R0VN2S2NK5BWFNR8XH,1/22/2022,Pass
01GPF121R0VN2S2NK5BWFNR8XH,1/25/2022,Fail
01GPF121R0VN2S2NK5BWFNR8XH,1/22/2022,Pass
01GPF121R0VN2S2NK5BWFNR8XH,1/4/2022,Pass
01GPF121R0VN2S2NK5BWFNR8XH,1/21/2022,Fail
01GPF121R0VN2S2NK5BWFNR8XH,1/15/2022,Pass
01GPF121R7KS6SSGHW1G3YDBD0,1/30/2022,Pass
01GPF121R7KS6SSGHW1G3YDBD0,1/9/2022,Pass
01GPF121R7KS6SSGHW1G3YDBD0,1/12/2022,Fail
01GPF121RAMA4543K7FSBDVRFB,1/26/2022,Pass
01GPF121RAMA4543K7FSBDVRFB,1/9/2022,Pass
01GPF121RAMA4543K7FSBDVRFB,1/4/2022,Pass
01GPF121RAMA4543K7FSBDVRFB,1/7/2022,Fail
01GPF121RAMA4543K7FSBDVRFB,1/15/2022,Pass
01GPF121RFQBSZVESWXJBEVT0N,1/30/2022,Pass
01GPF121RFQBSZVESWXJBEVT0N,1/14/2022,Pass
01GPF121RFQBSZVESWXJBEVT0N,1/10/2022,Fail
01GPF121RJV48Z0VNEBVRV5T1T,1/3/2022,Pass
01GPF121RJV48Z0VNEBVRV5T1T,1/19/2022,Pass
01GPF121RJV48Z0VNEBVRV5T1T,1/4/2022,Fail
01GPF121RJV48Z0VNEBVRV5T1T,1/19/2022,Fail
01GPF121RJV48Z0VNEBVRV5T1T,1/1/2022,Pass
01GPF121RRQ8BE8HSPV5KJPXPM,1/16/2022,Pass
01GPF121RRQ8BE8HSPV5KJPXPM,1/22/2022,Pass
01GPF121RRQ8BE8HSPV5KJPXPM,1/22/2022,Fail
01GPF121RV68H4FBFW771Q9BMR,1/12/2022,Fail
01GPF121RV68H4FBFW771Q9BMR,1/10/2022,Pass
01GPF121RV68H4FBFW771Q9BMR,1/27/2022,Pass
01GPF121RV68H4FBFW771Q9BMR,1/20/2022,Fail
01GPF121RV68H4FBFW771Q9BMR,1/9/2022,Fail
01GPF121S19X1TWX7VS7JW07QE,1/2/2022,Pass
01GPF121S19X1TWX7VS7JW07QE,1/21/2022,Pass
01GPF121S19X1TWX7VS7JW07QE,1/24/2022,Fail
01GPF121S19X1TWX7VS7JW07QE,1/2/2022,Pass
01GPF121S19X1TWX7VS7JW07QE,1/1/2022,Fail
01GPF121S19X1TWX7VS7JW07QE,1/9/2022,Pass
01GPF121S19X1TWX7VS7JW07QE,1/28/2022,Pass
01GPF121S19X1TWX7VS7JW07QE,1/23/2022,Fail
01GPF121SAR34NYN3DC3GSG649,1/11/2022,Fail
01GPF121SAR34NYN3DC3GSG649,1/18/2022,Pass
01GPF121SAR34NYN3DC3GSG649,1/18/2022,Pass
01GPF121SAR34NYN3DC3GSG649,1/16/2022,Pass
01GPF121SAR34NYN3DC3GSG649,1/9/2022,Pass
01GPF121SAR34NYN3DC3GSG649,1/5/2022,Fail
01GPF121SGHHNGFSFE2BX4VE8N,1/2/2022,Pass
01GPF121SGHHNGFSFE2BX4VE8N,1/1/2022,Pass
01GPF121SGHHNGFSFE2BX4VE8N,1/24/2022,Fail
01GPF121SGHHNGFSFE2BX4VE8N,1/8/2022,Fail
01GPF121SGHHNGFSFE2BX4VE8N,1/29/2022,Pass
01GPF121SGHHNGFSFE2BX4VE8N,1/10/2022,Fail
01GPF121SQ3S5XX592F6NNFWEV,1/11/2022,Pass
01GPF121SQ3S5XX592F6NNFWEV,1/3/2022,Fail
01GPF121SQ3S5XX592F6NNFWEV,1/8/2022,Pass
01GPF121SQ3S5XX592F6NNFWEV,1/6/2022,Pass
01GPF121SQ3S5XX592F6NNFWEV,1/19/2022,Pass
01GPF121SQ3S5XX592F6NNFWEV,1/12/2022,Fail
01GPF121SQ3S5XX592F6NNFWEV,1/2/2022,Fail
01GPF121SQ3S5XX592F6NNFWEV,1/11/2022,Pass
01GPF121SQ3S5XX592F6NNFWEV,1/27/2022,Pass
01GPF121SQ3S5XX592F6NNFWEV,1/20/2022,Pass
01GPF121T27JGB8EWV20B5AZ65,1/11/2022,Fail
01GPF121T27JGB8EWV20B5AZ65,1/29/2022,Fail
01GPF121T27JGB8EWV20B5AZ65,1/17/2022,Fail
01GPF121T27JGB8EWV20B5AZ65,1/24/2022,Fail
01GPF121T6CN4Z1FCCBK71JQ18,1/15/2022,Pass
01GPF121T6CN4Z1FCCBK71JQ18,1/30/2022,Pass
01GPF121T6CN4Z1FCCBK71JQ18,1/6/2022,Pass
01GPF121T6CN4Z1FCCBK71JQ18,1/6/2022,Pass
01GPF121T6CN4Z1FCCBK71JQ18,1/14/2022,Fail
01GPF121T6CN4Z1FCCBK71JQ18,1/14/2022,Fail
01GPF121T6CN4Z1FCCBK71JQ18,1/25/2022,Fail
01GPF121TDYVX47CM8WZBQCEX3,1/5/2022,Pass
01GPF121TDYVX47CM8WZBQCEX3,1/28/2022,Pass
01GPF121TDYVX47CM8WZBQCEX3,1/10/2022,Pass
01GPF121TDYVX47CM8WZBQCEX3,1/7/2022,Fail
01GPF121TDYVX47CM8WZBQCEX3,1/7/2022,Fail
01GPF121TDYVX47CM8WZBQCEX3,1/10/2022,Fail
01GPF121TKH91Z1XAMK0ZTPJXA,1/8/2022,Pass
01GPF121TKH91Z1XAMK0ZTPJXA,1/27/2022,Fail
01GPF121TKH91Z1XAMK0ZTPJXA,1/1/2022,Pass
01GPF121TKH91Z1XAMK0ZTPJXA,1/6/2022,Pass
01GPF121TKH91Z1XAMK0ZTPJXA,1/21/2022,Fail
01GPF121TKH91Z1XAMK0ZTPJXA,1/28/2022,Pass
01GPF121TTKD48AAKFHV690FM4,1/8/2022,Fail
01GPF121TTKD48AAKFHV690FM4,1/21/2022,Pass
01GPF121TTKD48AAKFHV690FM4,1/21/2022,Fail
01GPF121TTKD48AAKFHV690FM4,1/28/2022,Fail
01GPF121TTKD48AAKFHV690FM4,1/15/2022,Fail
01GPF121TTKD48AAKFHV690FM4,1/18/2022,Pass
01GPF121TTKD48AAKFHV690FM4,1/11/2022,Pass
01GPF121TTKD48AAKFHV690FM4,1/26/2022,Pass
01GPF121V4R6TV67D74SHZDPZQ,1/15/2022,Fail
01GPF121V4R6TV67D74SHZDPZQ,1/10/2022,Fail
01GPF121V4R6TV67D74SHZDPZQ,1/23/2022,Fail
01GPF121V4R6TV67D74SHZDPZQ,1/22/2022,Pass
01GPF121V4R6TV67D74SHZDPZQ,1/26/2022,Pass
01GPF121V4R6TV67D74SHZDPZQ,1/12/2022,Fail
01GPF121VBD6HDYNV3EJG30382,1/29/2022,Fail
01GPF121VBD6HDYNV3EJG30382,1/10/2022,Pass
01GPF121VBD6HDYNV3EJG30382,1/22/2022,Fail
01GPF121VBD6HDYNV3EJG30382,1/18/2022,Pass
01GPF121VBD6HDYNV3EJG30382,1/4/2022,Pass
01GPF121VBD6HDYNV3EJG30382,1/21/2022,Fail
01GPF121VH5MGMQK40S041T7WN,1/23/2022,Fail
01GPF121VH5MGMQK40S041T7WN,1/7/2022,Fail
01GPF121VH5MGMQK40S041T7WN,1/16/2022,Pass
01GPF121VH5MGMQK40S041T7WN,1/20/2022,Fail
01GPF121VH5MGMQK40S041T7WN,1/21/2022,Pass
01GPF121VH5MGMQK40S041T7WN,1/10/2022,Pass
01GPF121VRV8PNY252NHXBRBCM,1/23/2022,Fail
01GPF121VRV8PNY252NHXBRBCM,1/23/2022,Fail
01GPF121VRV8PNY252NHXBRBCM,1/26/2022,Pass
01GPF121VV1VE6AW4YND48ASXP,1/23/2022,Fail
01GPF121VV1VE6AW4YND48ASXP,1/9/2022,Fail
01GPF121VV1VE6AW4YND48ASXP,1/23/2022,Fail
01GPF121VZV83FHYYP4BK1GJNV,1/23/2022,Fail
01GPF121VZV83FHYYP4BK1GJNV,1/28/2022,Pass
01GPF121VZV83FHYYP4BK1GJNV,1/21/2022,Pass
01GPF121W3RTDFH0ADADP3258D,1/3/2022,Pass
01GPF121W3RTDFH0ADADP3258D,1/23/2022,Fail
01GPF121W3RTDFH0ADADP3258D,1/27/2022,Fail
01GPF121W3RTDFH0ADADP3258D,1/26/2022,Fail
01GPF121W3RTDFH0ADADP3258D,1/16/2022,Pass
01GPF121WAMS1HVBP3NE0J1CY1,1/22/2022,Pass
01GPF121WAMS1HVBP3NE0J1CY1,1/17/2022,Pass
01GPF121WAMS1HVBP3NE0J1CY1,1/10/2022,Pass
01GPF121WAMS1HVBP3NE0J1CY1,1/16/2022,Pass
01GPF121WF65B5YSN5FYYFTFYK,1/28/2022,Pass
01GPF121WF65B5YSN5FYYFTFYK,1/12/2022,Pass
01GPF121WF65B5YSN5FYYFTFYK,1/17/2022,Fail
01GPF121WF65B5YSN5FYYFTFYK,1/16/2022,Pass
01GPF121WF65B5YSN5FYYFTFYK,1/10/2022,Fail
01GPF121WS3F87VJJ91A83A1NV,1/17/2022,Pass
01GPF121WS3F87VJJ91A83A1NV,1/5/2022,Pass
01GPF121WS3F87VJJ91A83A1NV,1/22/2022,Fail
01GPF121WS3F87VJJ91A83A1NV,1/27/2022,Fail
01GPF121X1PYEF1AJSVHR511DF,1/8/2022,Pass
01GPF121X1PYEF1AJSVHR511DF,1/22/2022,Pass
01GPF121X1PYEF1AJSVHR511DF,1/22/2022,Fail
01GPF121X1PYEF1AJSVHR511DF,1/25/2022,Fail
01GPF121X1PYEF1AJSVHR511DF,1/1/2022,Fail
01GPF121X804KYDHWYXTDXCBA3,1/24/2022,Fail
01GPF121X804KYDHWYXTDXCBA4,1/29/2022,Fail
01GPF121X804KYDHWYXTDXCBA5,1/17/2022,Fail
01GPF121X804KYDHWYXTDXCBA6,1/16/2022,Fail
01GPF121X804KYDHWYXTDXCBA7,1/6/2022,Fail
01GPF121X804KYDHWYXTDXCBA8,1/7/2022,Fail
01GPF121XHJPCCEZ2FY4CW6Y9G,1/9/2022,Pass
01GPF121XHJPCCEZ2FY4CW6Y9G,1/26/2022,Fail
01GPF121XHJPCCEZ2FY4CW6Y9G,1/19/2022,Fail
01GPF121XHJPCCEZ2FY4CW6Y9G,1/2/2022,Fail
01GPF121XHJPCCEZ2FY4CW6Y9G,1/22/2022,Pass
01GPF121XHJPCCEZ2FY4CW6Y9G,1/11/2022,Fail
01GPF121XSB7V9GJD2N56W7NJP,1/3/2022,Pass
01GPF121XSB7V9GJD2N56W7NJP,1/5/2022,Pass
01GPF121XSB7V9GJD2N56W7NJP,1/22/2022,Fail
01GPF121XSB7V9GJD2N56W7NJP,1/22/2022,Pass
01GPF121XSB7V9GJD2N56W7NJP,1/1/2022,Fail
01GPF121XSB7V9GJD2N56W7NJP,1/20/2022,Fail
01GPF121XSB7V9GJD2N56W7NJP,1/18/2022,Fail
01GPF121XSB7V9GJD2N56W7NJP,1/20/2022,Fail
01GPF121XSB7V9GJD2N56W7NJP,1/26/2022,Pass
01GPF121Y6WT6AM6SFEN5BNHVH,1/19/2022,Pass
01GPF121Y6WT6AM6SFEN5BNHVH,1/13/2022,Pass
01GPF121Y6WT6AM6SFEN5BNHVH,1/29/2022,Pass
01GPF121Y6WT6AM6SFEN5BNHVH,1/1/2022,Fail
01GPF121Y6WT6AM6SFEN5BNHVH,1/17/2022,Fail
01GPF121Y6WT6AM6SFEN5BNHVH,1/16/2022,Fail
01GPF121Y6WT6AM6SFEN5BNHVH,1/1/2022,Pass
01GPF121Y6WT6AM6SFEN5BNHVH,1/25/2022,Fail
01GPF121YJFTCJAG7T2T76D469,1/18/2022,Pass
01GPF121YJFTCJAG7T2T76D469,1/8/2022,Fail
01GPF121YJFTCJAG7T2T76D469,1/21/2022,Pass
01GPF121YJFTCJAG7T2T76D469,1/9/2022,Fail
01GPF121YJFTCJAG7T2T76D469,1/25/2022,Fail
01GPF121YJFTCJAG7T2T76D469,1/6/2022,Fail
01GPF121YV596PBSHEFEWXBSC3,1/25/2022,Fail
01GPF121YV596PBSHEFEWXBSC3,1/16/2022,Pass
01GPF121YV596PBSHEFEWXBSC3,1/9/2022,Fail
01GPF121YV596PBSHEFEWXBSC3,1/29/2022,Pass
01GPF121YV596PBSHEFEWXBSC3,1/15/2022,Fail
01GPF121YV596PBSHEFEWXBSC3,1/5/2022,Fail
01GPF121YV596PBSHEFEWXBSC3,1/21/2022,Fail
01GPF121YV596PBSHEFEWXBSC10,1/12/2022,Pass
01GPF121YV596PBSHEFEWXBSC10,1/15/2022,Pass
01GPF121YV596PBSHEFEWXBSC10,1/30/2022,Pass
01GPF121YV596PBSHEFEWXBSC10,1/22/2022,Pass
01GPF121ZB01VTPVT53ECF57F9,1/2/2022,Pass
01GPF121ZB01VTPVT53ECF57F9,1/26/2022,Pass
01GPF121ZB01VTPVT53ECF57F9,1/7/2022,Pass
01GPF121ZB01VTPVT53ECF57F9,1/3/2022,Pass
01GPF121ZB01VTPVT53ECF57F9,1/9/2022,Pass
01GPF121ZB01VTPVT53ECF57F9,1/22/2022,Fail
01GPF121ZNMZ8YQXN0ESRR7FBC,1/10/2022,Fail
01GPF121ZNMZ8YQXN0ESRR7FBC,1/16/2022,Pass
01GPF121ZNMZ8YQXN0ESRR7FBC,1/8/2022,Pass
01GPF121ZNMZ8YQXN0ESRR7FBC,1/21/2022,Fail
01GPF121ZNMZ8YQXN0ESRR7FBC,1/29/2022,Fail
01GPF121ZNMZ8YQXN0ESRR7FBC,1/21/2022,Fail
01GPF121ZWN6CQADJ0GQ7BX5JW,1/12/2022,Pass
01GPF121ZWN6CQADJ0GQ7BX5JW,1/2/2022,Pass
01GPF121ZWN6CQADJ0GQ7BX5JW,1/26/2022,Pass
01GPF121ZWN6CQADJ0GQ7BX5JW,1/3/2022,Fail
01GPF121ZWN6CQADJ0GQ7BX5JW,1/9/2022,Pass
01GPF121ZWN6CQADJ0GQ7BX5JW,1/7/2022,Pass
01GPF121ZWN6CQADJ0GQ7BX5JW,1/4/2022,Pass
01GPF121ZWN6CQADJ0GQ7BX5JW,1/27/2022,Pass
01GPF121ZWN6CQADJ0GQ7BX5JW,1/30/2022,Pass
01GPF12207X9NGMHAXXKY1NDWM,1/24/2022,Fail
01GPF12207X9NGMHAXXKY1NDWM,1/29/2022,Fail
01GPF12207X9NGMHAXXKY1NDWM,1/23/2022,Fail
01GPF12207X9NGMHAXXKY1NDWM,1/21/2022,Pass
01GPF12207X9NGMHAXXKY1NDWM,1/14/2022,Pass
01GPF1220J9D1FDT7DFBZNDPCA,1/2/2022,Pass
01GPF1220J9D1FDT7DFBZNDPCA,1/18/2022,Fail
01GPF1220J9D1FDT7DFBZNDPCA,1/24/2022,Pass
01GPF1220J9D1FDT7DFBZNDPCA,1/24/2022,Fail
01GPF1220J9D1FDT7DFBZNDPCA,1/29/2022,Fail
01GPF1220J9D1FDT7DFBZNDPCA,1/26/2022,Pass
01GPF1220J9D1FDT7DFBZNDPCA,1/1/2022,Pass
01GPF1220J9D1FDT7DFBZNDPCA,1/1/2022,Fail
01GPF1220W3QQETZY5C1YJBS6Y,1/15/2022,Pass
01GPF1220W3QQETZY5C1YJBS6Y,1/19/2022,Pass
01GPF1220W3QQETZY5C1YJBS6Y,1/7/2022,Fail
01GPF1220W3QQETZY5C1YJBS6Y,1/9/2022,Fail
01GPF1220W3QQETZY5C1YJBS6Y,1/11/2022,Fail
01GPF1220W3QQETZY5C1YJBS6Y,1/29/2022,Pass
01GPF1221418PYJWRR5T4NGGED,1/19/2022,Pass
01GPF1221418PYJWRR5T4NGGED,1/13/2022,Fail
01GPF1221418PYJWRR5T4NGGED,1/21/2022,Pass
01GPF1221418PYJWRR5T4NGGED,1/21/2022,Pass
01GPF1221418PYJWRR5T4NGGED,1/10/2022,Pass
01GPF1221CMRZZ640B18EWE4P3,1/14/2022,Fail
01GPF1221CMRZZ640B18EWE4P3,1/7/2022,Pass
01GPF1221CMRZZ640B18EWE4P3,1/24/2022,Fail
01GPF1221CMRZZ640B18EWE4P3,1/13/2022,Pass
01GPF1221CMRZZ640B18EWE4P3,1/18/2022,Fail
01GPF1221CMRZZ640B18EWE4P3,1/17/2022,Pass
01GPF1221CMRZZ640B18EWE4P3,1/16/2022,Fail
01GPF1221CMRZZ640B18EWE4P3,1/12/2022,Fail
01GPF1221Q1VVTWQQ6R0FCG6W6,1/20/2022,Fail
01GPF1221Q1VVTWQQ6R0FCG6W6,1/17/2022,Fail
01GPF1221Q1VVTWQQ6R0FCG6W6,1/25/2022,Pass
01GPF1221Q1VVTWQQ6R0FCG6W6,1/26/2022,Fail
01GPF1221Q1VVTWQQ6R0FCG6W6,1/1/2022,Pass
01GPF1221Q1VVTWQQ6R0FCG6W6,1/25/2022,Pass
01GPF1221Q1VVTWQQ6R0FCG6W6,1/27/2022,Pass
01GPF12223VCAK1XDYJQXDDJ83,1/11/2022,Fail
01GPF12223VCAK1XDYJQXDDJ83,1/26/2022,Pass
01GPF12223VCAK1XDYJQXDDJ83,1/4/2022,Fail
01GPF12223VCAK1XDYJQXDDJ83,1/22/2022,Fail
01GPF12223VCAK1XDYJQXDDJ83,1/13/2022,Pass
01GPF12223VCAK1XDYJQXDDJ83,1/9/2022,Fail
01GPF12223VCAK1XDYJQXDDJ83,1/22/2022,Pass
01GPF12223VCAK1XDYJQXDDJ83,1/3/2022,Fail
01GPF1222DWFMZDJ0N9HR2TS4T,1/24/2022,Pass
01GPF1222DWFMZDJ0N9HR2TS4T,1/30/2022,Fail
01GPF1222DWFMZDJ0N9HR2TS4T,1/9/2022,Pass
01GPF1222DWFMZDJ0N9HR2TS4T,1/9/2022,Pass
01GPF1222DWFMZDJ0N9HR2TS4T,1/18/2022,Pass
01GPF1222DWFMZDJ0N9HR2TS4T,1/25/2022,Pass
01GPF1222DWFMZDJ0N9HR2TS4T,1/26/2022,Fail
01GPF1222DWFMZDJ0N9HR2TS4T,1/12/2022,Pass
01GPF1222T7A64JPW765FM2ZGC,1/24/2022,Pass
01GPF1222T7A64JPW765FM2ZGC,1/4/2022,Fail
01GPF1222T7A64JPW765FM2ZGC,1/17/2022,Pass
01GPF1222T7A64JPW765FM2ZGC,1/2/2022,Pass
01GPF12230WRTC72TH4JF2BBBM,1/5/2022,Pass
01GPF12230WRTC72TH4JF2BBBM,1/19/2022,Pass
01GPF12230WRTC72TH4JF2BBBM,1/23/2022,Fail
01GPF12230WRTC72TH4JF2BBBM,1/27/2022,Fail
01GPF12230WRTC72TH4JF2BBBM,1/2/2022,Pass
01GPF12230WRTC72TH4JF2BBBM,1/17/2022,Pass
01GPF12238C9876FKST0FEB76P,1/28/2022,Pass
01GPF12238C9876FKST0FEB76P,1/16/2022,Pass
01GPF12238C9876FKST0FEB76P,1/28/2022,Fail
01GPF12238C9876FKST0FEB76P,1/23/2022,Pass
01GPF12238C9876FKST0FEB76P,1/25/2022,Pass
01GPF12238C9876FKST0FEB76P,1/7/2022,Fail
01GPF1223FYFT4VHCH6102M0ZW,1/19/2022,Pass
01GPF1223FYFT4VHCH6102M0ZW,1/19/2022,Fail
01GPF1223FYFT4VHCH6102M0ZW,1/13/2022,Fail
01GPF1223FYFT4VHCH6102M0ZW,1/12/2022,Pass
01GPF1223FYFT4VHCH6102M0ZW,1/7/2022,Pass
01GPF1223FYFT4VHCH6102M0ZW,1/12/2022,Fail
01GPF1223FYFT4VHCH6102M0ZW,1/19/2022,Pass
01GPF1223FYFT4VHCH6102M0ZW,1/2/2022,Pass
01GPF1223FYFT4VHCH6102M0ZW,1/5/2022,Fail
01GPF1223FYFT4VHCH6102M0ZW,1/15/2022,Fail
01GPF1223WSY67WGR6J09D9X16,1/5/2022,Pass
01GPF1223WSY67WGR6J09D9X16,1/19/2022,Fail
01GPF1223WSY67WGR6J09D9X16,1/4/2022,Fail
01GPF1223WSY67WGR6J09D9X16,1/13/2022,Fail
01GPF1223WSY67WGR6J09D9X16,1/23/2022,Fail
01GPF1223WSY67WGR6J09D9X16,1/10/2022,Fail
01GPF1223WSY67WGR6J09D9X16,1/17/2022,Fail
01GPF12245NJ4DBV3RFHDD6JSK,1/11/2022,Pass
01GPF12245NJ4DBV3RFHDD6JSK,1/16/2022,Fail
01GPF12245NJ4DBV3RFHDD6JSK,1/29/2022,Fail
01GPF12245NJ4DBV3RFHDD6JSK,1/10/2022,Pass
01GPF12245NJ4DBV3RFHDD6JSK,1/20/2022,Pass
01GPF12245NJ4DBV3RFHDD6JSK,1/21/2022,Fail
01GPF12245NJ4DBV3RFHDD6JSK,1/9/2022,Pass
01GPF12245NJ4DBV3RFHDD6JSK,1/19/2022,Pass
01GPF1224F1PM66HNGMKXAK9D0,1/18/2022,Pass
01GPF1224F1PM66HNGMKXAK9D0,1/30/2022,Fail
01GPF1224F1PM66HNGMKXAK9D0,1/9/2022,Pass
01GPF1224F1PM66HNGMKXAK9D0,1/26/2022,Pass
01GPF1224F1PM66HNGMKXAK9D0,1/30/2022,Pass
01GPF1224F1PM66HNGMKXAK9D0,1/21/2022,Fail
01GPF1224F1PM66HNGMKXAK9D0,1/28/2022,Fail
01GPF1224QZMKHKRNWJ9X14FND,1/30/2022,Pass
01GPF1224QZMKHKRNWJ9X14FND,1/13/2022,Pass
01GPF1224QZMKHKRNWJ9X14FND,1/27/2022,Pass
01GPF1224QZMKHKRNWJ9X14FND,1/26/2022,Fail
01GPF1224QZMKHKRNWJ9X14FND,1/16/2022,Pass
01GPF1224QZMKHKRNWJ9X14FND,1/20/2022,Fail
01GPF1224QZMKHKRNWJ9X14FND,1/16/2022,Fail
01GPF1224QZMKHKRNWJ9X14FND,1/17/2022,Pass
01GPF1224QZMKHKRNWJ9X14FND,1/5/2022,Pass
01GPF12254QGXRY7J81C2XHMTQ,1/13/2022,Pass
01GPF12254QGXRY7J81C2XHMTQ,1/18/2022,Pass
01GPF12254QGXRY7J81C2XHMTQ,1/19/2022,Fail
01GPF12254QGXRY7J81C2XHMTQ,1/26/2022,Fail
01GPF12254QGXRY7J81C2XHMTQ,1/11/2022,Fail
01GPF12254QGXRY7J81C2XHMTQ,1/9/2022,Pass
01GPF1225B2Z5XVJAYJ6Q5T71A,1/22/2022,Pass
01GPF1225B2Z5XVJAYJ6Q5T71A,1/7/2022,Pass
01GPF1225B2Z5XVJAYJ6Q5T71A,1/19/2022,Fail
01GPF1225B2Z5XVJAYJ6Q5T71A,1/27/2022,Fail
01GPF1225B2Z5XVJAYJ6Q5T71A,1/23/2022,Pass
01GPF1225B2Z5XVJAYJ6Q5T71A,1/29/2022,Pass
01GPF1225B2Z5XVJAYJ6Q5T71A,1/2/2022,Pass
01GPF1225B2Z5XVJAYJ6Q5T71A,1/2/2022,Pass
01GPF1225M7M3R1KSFEVV470XJ,1/27/2022,Fail
01GPF1225M7M3R1KSFEVV470XJ,1/27/2022,Fail
01GPF1225M7M3R1KSFEVV470XJ,1/4/2022,Fail
01GPF1225M7M3R1KSFEVV470XJ,1/18/2022,Fail
01GPF1225M7M3R1KSFEVV470XJ,1/25/2022,Pass
01GPF1225M7M3R1KSFEVV470XJ,1/12/2022,Fail
01GPF1225M7M3R1KSFEVV470XJ,1/27/2022,Fail
01GPF1225XFQ1SQVHZ31YK8VJ8,1/23/2022,Pass
01GPF1225XFQ1SQVHZ31YK8VJ8,1/16/2022,Fail
01GPF1225XFQ1SQVHZ31YK8VJ8,1/18/2022,Fail
01GPF1225XFQ1SQVHZ31YK8VJ8,1/17/2022,Pass
01GPF1225XFQ1SQVHZ31YK8VJ8,1/6/2022,Pass
01GPF1225XFQ1SQVHZ31YK8VJ8,1/4/2022,Pass
01GPF1225XFQ1SQVHZ31YK8VJ8,1/9/2022,Pass
01GPF1225XFQ1SQVHZ31YK8VJ8,1/3/2022,Pass
01GPF1225XFQ1SQVHZ31YK8VJ8,1/22/2022,Pass
01GPF12267S14HHFCQKHQRD0PG,1/25/2022,Pass
01GPF12267S14HHFCQKHQRD0PG,1/25/2022,Pass
01GPF12267S14HHFCQKHQRD0PG,1/14/2022,Pass
01GPF12267S14HHFCQKHQRD0PG,1/2/2022,Fail
01GPF12267S14HHFCQKHQRD0PG,1/29/2022,Pass
01GPF12267S14HHFCQKHQRD0PG,1/8/2022,Fail
01GPF1226ETTFK5688ES7EBTSV,1/29/2022,Pass
01GPF1226ETTFK5688ES7EBTSV,1/19/2022,Fail
01GPF1226ETTFK5688ES7EBTSV,1/7/2022,Pass
01GPF1226ETTFK5688ES7EBTSV,1/21/2022,Fail
01GPF1226ETTFK5688ES7EBTSV,1/23/2022,Pass
01GPF1226ETTFK5688ES7EBTSV,1/25/2022,Fail
01GPF1226ETTFK5688ES7EBTSV,1/8/2022,Pass
01GPF1226ETTFK5688ES7EBTSV,1/16/2022,Fail
01GPF1226ETTFK5688ES7EBTSV,1/26/2022,Fail
01GPF1226ETTFK5688ES7EBTSV,1/15/2022,Fail
01GPF1226SB7N2ZTR4602J9XKD,1/30/2022,Fail
01GPF1226SB7N2ZTR4602J9XKD,1/22/2022,Fail
01GPF1226SB7N2ZTR4602J9XKD,1/23/2022,Fail
01GPF1226SB7N2ZTR4602J9XKD,1/20/2022,Pass
01GPF1226SB7N2ZTR4602J9XKD,1/5/2022,Pass
01GPF1226SB7N2ZTR4602J9XKD,1/23/2022,Fail
01GPF1226SB7N2ZTR4602J9XKD,1/2/2022,Pass
01GPF1226SB7N2ZTR4602J9XKD,1/18/2022,Fail
01GPF1226SB7N2ZTR4602J9XKD,1/20/2022,Fail
01GPF1226SB7N2ZTR4602J9XKD,1/14/2022,Fail
01GPF122759PZCVTNWPP5EMX8P,1/5/2022,Pass
01GPF122759PZCVTNWPP5EMX8P,1/9/2022,Pass
01GPF122759PZCVTNWPP5EMX8P,1/27/2022,Pass
01GPF122784DRTZ6ENV31PW89F,1/30/2022,Fail
01GPF122784DRTZ6ENV31PW89F,1/20/2022,Pass
01GPF122784DRTZ6ENV31PW89F,1/6/2022,Pass
01GPF122784DRTZ6ENV31PW89F,1/13/2022,Fail
01GPF122784DRTZ6ENV31PW89F,1/15/2022,Fail
01GPF122784DRTZ6ENV31PW89F,1/22/2022,Pass
01GPF122784DRTZ6ENV31PW89F,1/11/2022,Pass
01GPF122784DRTZ6ENV31PW89F,1/29/2022,Fail
01GPF1227HX1V3CJZMRCZ99X2S,1/19/2022,Fail
01GPF1227HX1V3CJZMRCZ99X2S,1/24/2022,Pass
01GPF1227HX1V3CJZMRCZ99X2S,1/24/2022,Pass
01GPF1227HX1V3CJZMRCZ99X2S,1/22/2022,Fail
01GPF1227HX1V3CJZMRCZ99X2S,1/30/2022,Pass
01GPF1227HX1V3CJZMRCZ99X2S,1/23/2022,Fail
01GPF1227HX1V3CJZMRCZ99X2S,1/5/2022,Fail
01GPF1227RN404KGPSQP3C92NM,1/8/2022,Pass
01GPF1227RN404KGPSQP3C92NM,1/3/2022,Pass
01GPF1227RN404KGPSQP3C92NM,1/22/2022,Pass
01GPF1227RN404KGPSQP3C92NM,1/12/2022,Pass
01GPF1227RN404KGPSQP3C92NM,1/29/2022,Fail
01GPF1227YPX796KH5WB5PSR5D,1/28/2022,Pass
01GPF1227YPX796KH5WB5PSR5D,1/19/2022,Pass
01GPF1227YPX796KH5WB5PSR5D,1/18/2022,Fail
01GPF1227YPX796KH5WB5PSR5D,1/23/2022,Pass
01GPF1227YPX796KH5WB5PSR5D,1/20/2022,Fail
01GPF1227YPX796KH5WB5PSR5D,1/29/2022,Pass
01GPF12287MT6RTXMT65YWJPGF,1/3/2022,Pass
01GPF12287MT6RTXMT65YWJPGF,1/18/2022,Fail
01GPF12287MT6RTXMT65YWJPGF,1/4/2022,Pass
01GPF12287MT6RTXMT65YWJPGF,1/20/2022,Pass
01GPF12287MT6RTXMT65YWJPGF,1/10/2022,Fail
01GPF1228D6JYZ1FFYM535V2BM,1/28/2022,Pass
01GPF1228D6JYZ1FFYM535V2BM,1/25/2022,Fail
01GPF1228D6JYZ1FFYM535V2BM,1/4/2022,Fail
01GPF1228D6JYZ1FFYM535V2BM,1/7/2022,Pass
01GPF1228D6JYZ1FFYM535V2BM,1/5/2022,Pass
01GPF1228D6JYZ1FFYM535V2BM,1/6/2022,Fail
01GPF1228D6JYZ1FFYM535V2BM,1/10/2022,Pass
01GPF1228D6JYZ1FFYM535V2BM,1/15/2022,Pass
01GPF1228PVCJ1BNEPB746NJKT,1/13/2022,Fail
01GPF1228PVCJ1BNEPB746NJKT,1/7/2022,Pass
01GPF1228PVCJ1BNEPB746NJKT,1/23/2022,Pass
01GPF1228PVCJ1BNEPB746NJKT,1/11/2022,Fail
01GPF1228PVCJ1BNEPB746NJKT,1/3/2022,Pass
01GPF1228WVCXMXRSMXCMW2BFA,1/17/2022,Pass
01GPF1228WVCXMXRSMXCMW2BFA,1/15/2022,Fail
01GPF1228WVCXMXRSMXCMW2BFA,1/13/2022,Fail
01GPF1228WVCXMXRSMXCMW2BFA,1/8/2022,Fail
01GPF1228WVCXMXRSMXCMW2BFA,1/1/2022,Fail
01GPF1228WVCXMXRSMXCMW2BFA,1/9/2022,Fail
01GPF12293YT5YA1MNSRWVT537,1/7/2022,Fail
01GPF12293YT5YA1MNSRWVT537,1/3/2022,Pass
01GPF12293YT5YA1MNSRWVT537,1/11/2022,Pass
01GPF12293YT5YA1MNSRWVT537,1/14/2022,Fail
01GPF12293YT5YA1MNSRWVT537,1/22/2022,Pass
01GPF12293YT5YA1MNSRWVT537,1/2/2022,Fail
01GPF12293YT5YA1MNSRWVT537,1/22/2022,Pass
01GPF1229AWC05MM3V6YRGG1P5,1/30/2022,Pass
01GPF1229AWC05MM3V6YRGG1P5,1/3/2022,Fail
01GPF1229AWC05MM3V6YRGG1P5,1/3/2022,Pass
01GPF1229AWC05MM3V6YRGG1P5,1/7/2022,Fail
01GPF1229AWC05MM3V6YRGG1P5,1/30/2022,Fail
01GPF1229AWC05MM3V6YRGG1P5,1/21/2022,Fail
01GPF1229JZQ2V47RAAHEGP3VJ,1/3/2022,Pass
01GPF1229JZQ2V47RAAHEGP3VJ,1/20/2022,Fail
01GPF1229JZQ2V47RAAHEGP3VJ,1/18/2022,Pass
01GPF1229JZQ2V47RAAHEGP3VJ,1/12/2022,Fail
01GPF1229JZQ2V47RAAHEGP3VJ,1/22/2022,Pass
01GPF1229JZQ2V47RAAHEGP3VJ,1/22/2022,Pass
01GPF1229JZQ2V47RAAHEGP3VJ,1/11/2022,Fail
01GPF1229JZQ2V47RAAHEGP3VJ,1/13/2022,Pass
01GPF1229WFCAK2CPFT4KWGQ3F,1/28/2022,Fail
01GPF1229WFCAK2CPFT4KWGQ3F,1/13/2022,Pass
01GPF1229WFCAK2CPFT4KWGQ3F,1/8/2022,Fail
01GPF1229ZBRRQ6R8PB7HS258D,1/23/2022,Pass
01GPF1229ZBRRQ6R8PB7HS258D,1/8/2022,Fail
01GPF1229ZBRRQ6R8PB7HS258D,1/19/2022,Fail
01GPF1229ZBRRQ6R8PB7HS258D,1/18/2022,Pass
01GPF1229ZBRRQ6R8PB7HS258D,1/26/2022,Fail
01GPF1229ZBRRQ6R8PB7HS258D,1/11/2022,Pass
01GPF122A6V83ZFDMQKRBN53EZ,1/6/2022,Pass
01GPF122A6V83ZFDMQKRBN53EZ,1/10/2022,Fail
01GPF122A6V83ZFDMQKRBN53EZ,1/27/2022,Fail
01GPF122A6V83ZFDMQKRBN53EZ,1/14/2022,Fail
01GPF122A6V83ZFDMQKRBN53EZ,1/24/2022,Fail
01GPF122A6V83ZFDMQKRBN53EZ,1/12/2022,Pass
01GPF122ADE8EW3ERQ03HETJ49,1/22/2022,Pass
01GPF122ADE8EW3ERQ03HETJ49,1/28/2022,Pass
01GPF122ADE8EW3ERQ03HETJ49,1/26/2022,Fail
01GPF122ADE8EW3ERQ03HETJ49,1/30/2022,Fail
01GPF122ADE8EW3ERQ03HETJ49,1/27/2022,Pass
01GPF122ADE8EW3ERQ03HETJ49,1/13/2022,Pass
01GPF122ADE8EW3ERQ03HETJ49,1/11/2022,Fail
01GPF122AXB828TP5DWZN0BJVW,1/17/2022,Fail
01GPF122AXB828TP5DWZN0BJVW,1/1/2022,Fail
01GPF122AXB828TP5DWZN0BJVW,1/17/2022,Pass
01GPF122AXB828TP5DWZN0BJVW,1/20/2022,Fail
01GPF122AXB828TP5DWZN0BJVW,1/10/2022,Pass
01GPF122AXB828TP5DWZN0BJVW,1/22/2022,Pass
01GPF122AXB828TP5DWZN0BJVW,1/4/2022,Fail
01GPF122AXB828TP5DWZN0BJVW,1/28/2022,Pass
01GPF122BABPGY95TQ9A5QPJ3N,1/27/2022,Pass
01GPF122BABPGY95TQ9A5QPJ3N,1/4/2022,Fail
01GPF122BABPGY95TQ9A5QPJ3N,1/16/2022,Pass
01GPF122BD3QCKFA40H6AZANWD,1/26/2022,Pass
01GPF122BD3QCKFA40H6AZANWD,1/19/2022,Pass
01GPF122BD3QCKFA40H6AZANWD,1/27/2022,Fail
01GPF122BD3QCKFA40H6AZANWD,1/23/2022,Pass
01GPF122BD3QCKFA40H6AZANWD,1/25/2022,Fail
01GPF122BD3QCKFA40H6AZANWD,1/8/2022,Fail
01GPF122BD3QCKFA40H6AZANWD,1/20/2022,Pass
01GPF122BNKBRMW6S1RNMR7Z3Z,1/5/2022,Pass
01GPF122BNKBRMW6S1RNMR7Z3Z,1/10/2022,Fail
01GPF122BNKBRMW6S1RNMR7Z3Z,1/26/2022,Pass
01GPF122BNKBRMW6S1RNMR7Z3Z,1/22/2022,Pass
01GPF122BNKBRMW6S1RNMR7Z3Z,1/28/2022,Fail
01GPF122BV6XEAJGSXK331PBNC,1/4/2022,Pass
01GPF122BV6XEAJGSXK331PBNC,1/29/2022,Fail
01GPF122BV6XEAJGSXK331PBNC,1/9/2022,Pass
01GPF122BV6XEAJGSXK331PBNC,1/21/2022,Pass
01GPF122BV6XEAJGSXK331PBNC,1/14/2022,Pass
01GPF122BV6XEAJGSXK331PBNC,1/2/2022,Pass
01GPF122BV6XEAJGSXK331PBNC,1/27/2022,Pass
01GPF122C5Q0G203K5XFKA6MFX,1/15/2022,Pass
01GPF122C5Q0G203K5XFKA6MFX,1/7/2022,Pass
01GPF122C5Q0G203K5XFKA6MFX,1/3/2022,Pass
01GPF122C5Q0G203K5XFKA6MFX,1/10/2022,Pass
01GPF122C5Q0G203K5XFKA6MFX,1/8/2022,Fail
01GPF122C5Q0G203K5XFKA6MFX,1/4/2022,Fail
01GPF122C5Q0G203K5XFKA6MFX,1/15/2022,Fail
01GPF122CDCVW6GF67YVSF089Q,1/29/2022,Fail
01GPF122CDCVW6GF67YVSF089Q,1/13/2022,Pass
01GPF122CDCVW6GF67YVSF089Q,1/9/2022,Fail
01GPF122CGXWSKVTT1K06VM86D,1/8/2022,Pass
01GPF122CGXWSKVTT1K06VM86D,1/16/2022,Fail
01GPF122CGXWSKVTT1K06VM86D,1/14/2022,Pass
01GPF122CGXWSKVTT1K06VM86D,1/16/2022,Fail
01GPF122CGXWSKVTT1K06VM86D,1/14/2022,Pass
01GPF122CGXWSKVTT1K06VM86D,1/2/2022,Fail
01GPF122CR2MBB2JEK01HBG9F2,1/12/2022,Fail
01GPF122CR2MBB2JEK01HBG9F2,1/15/2022,Pass
01GPF122CR2MBB2JEK01HBG9F2,1/11/2022,Fail
01GPF122CR2MBB2JEK01HBG9F2,1/25/2022,Pass
01GPF122CR2MBB2JEK01HBG9F2,1/13/2022,Pass
01GPF122CR2MBB2JEK01HBG9F2,1/7/2022,Fail
01GPF122CYCGM5W67FT8E87H2P,1/3/2022,Fail
01GPF122CYCGM5W67FT8E87H2P,1/3/2022,Pass
01GPF122CYCGM5W67FT8E87H2P,1/25/2022,Fail
01GPF122CYCGM5W67FT8E87H2P,1/24/2022,Fail
01GPF122CYCGM5W67FT8E87H2P,1/21/2022,Fail
01GPF122CYCGM5W67FT8E87H2P,1/6/2022,Fail
01GPF122CYCGM5W67FT8E87H2P,1/4/2022,Fail
01GPF122D6Q9YQEKPWQ28C3PS9,1/12/2022,Pass
01GPF122D6Q9YQEKPWQ28C3PS9,1/9/2022,Pass
01GPF122D6Q9YQEKPWQ28C3PS9,1/10/2022,Pass
01GPF122D6Q9YQEKPWQ28C3PS9,1/10/2022,Pass
01GPF122D6Q9YQEKPWQ28C3PS9,1/22/2022,Pass
01GPF122D6Q9YQEKPWQ28C3PS9,1/28/2022,Pass
01GPF122D6Q9YQEKPWQ28C3PS9,1/13/2022,Pass
01GPF122DEZR058P9F65GWB8QV,1/14/2022,Pass
01GPF122DEZR058P9F65GWB8QV,1/9/2022,Fail
01GPF122DEZR058P9F65GWB8QV,1/3/2022,Fail
01GPF122DEZR058P9F65GWB8QV,1/15/2022,Fail
01GPF122DEZR058P9F65GWB8QV,1/13/2022,Fail
01GPF122DEZR058P9F65GWB8QV,1/14/2022,Fail
01GPF122DEZR058P9F65GWB8QV,1/28/2022,Pass
01GPF122DEZR058P9F65GWB8QV,1/28/2022,Fail
01GPF122DEZR058P9F65GWB8QV,1/2/2022,Pass
01GPF122DR5X6DZMQPJK1CNFRS,1/16/2022,Pass
01GPF122DR5X6DZMQPJK1CNFRS,1/8/2022,Pass
01GPF122DR5X6DZMQPJK1CNFRS,1/7/2022,Fail
01GPF122DR5X6DZMQPJK1CNFRS,1/26/2022,Fail
01GPF122DR5X6DZMQPJK1CNFRS,1/23/2022,Pass
01GPF122DXRKNB9HM3M4T5KBQB,1/16/2022,Fail
01GPF122DXRKNB9HM3M4T5KBQB,1/23/2022,Pass
01GPF122DXRKNB9HM3M4T5KBQB,1/18/2022,Pass
01GPF122DXRKNB9HM3M4T5KBQB,1/30/2022,Fail
01GPF122E1B9EZYFM4JZK3DXW4,1/11/2022,Fail
01GPF122E1B9EZYFM4JZK3DXW4,1/5/2022,Pass
01GPF122E1B9EZYFM4JZK3DXW4,1/26/2022,Fail
01GPF122E1B9EZYFM4JZK3DXW4,1/29/2022,Fail
01GPF122E1B9EZYFM4JZK3DXW4,1/12/2022,Fail
01GPF122E1B9EZYFM4JZK3DXW4,1/24/2022,Fail
01GPF122E8NGZXBCXD82TXXKFZ,1/24/2022,Pass
01GPF122E8NGZXBCXD82TXXKFZ,1/4/2022,Pass
01GPF122E8NGZXBCXD82TXXKFZ,1/19/2022,Fail
01GPF122E8NGZXBCXD82TXXKFZ,1/20/2022,Fail
01GPF122E8NGZXBCXD82TXXKFZ,1/4/2022,Pass
01GPF122E8NGZXBCXD82TXXKFZ,1/24/2022,Fail
01GPF122E8NGZXBCXD82TXXKFZ,1/30/2022,Pass
01GPF122EHH1DTQ020QZE1BQCD,1/12/2022,Pass
01GPF122EJ1BPD7MWB0QZNGCPP,1/16/2022,Pass
01GPF122EJ1BPD7MWB0QZNGCPP,1/8/2022,Fail
01GPF122EJ1BPD7MWB0QZNGCPP,1/8/2022,Fail
01GPF122EJ1BPD7MWB0QZNGCPP,1/4/2022,Pass
01GPF122EJ1BPD7MWB0QZNGCPP,1/24/2022,Fail
01GPF122EJ1BPD7MWB0QZNGCPP,1/13/2022,Fail
01GPF122EJ1BPD7MWB0QZNGCPP,1/15/2022,Pass
01GPF122ESFVJ7JGBHAXY0VR5Q,1/28/2022,Fail
01GPF122ESFVJ7JGBHAXY0VR5Q,1/26/2022,Pass
01GPF122ESFVJ7JGBHAXY0VR5Q,1/1/2022,Fail
01GPF122ESFVJ7JGBHAXY0VR5Q,1/7/2022,Pass
01GPF122ESFVJ7JGBHAXY0VR5Q,1/15/2022,Fail
01GPF122EZMHCDNTY4TM17VS4K,1/22/2022,Fail
01GPF122EZMHCDNTY4TM17VS4K,1/26/2022,Fail
01GPF122EZMHCDNTY4TM17VS4K,1/23/2022,Fail
01GPF122EZMHCDNTY4TM17VS4K,1/25/2022,Pass
01GPF122EZMHCDNTY4TM17VS4K,1/25/2022,Fail
01GPF122EZMHCDNTY4TM17VS4K,1/14/2022,Pass
01GPF122EZMHCDNTY4TM17VS4K,1/18/2022,Fail
01GPF122F74RTGF8EH6RDVR2M2,1/23/2022,Pass
01GPF122F74RTGF8EH6RDVR2M3,1/29/2022,Pass
01GPF122F74RTGF8EH6RDVR2M4,1/7/2022,Fail
01GPF122F74RTGF8EH6RDVR2M5,1/29/2022,Fail
01GPF122F74RTGF8EH6RDVR2M6,1/21/2022,Fail
01GPF122F74RTGF8EH6RDVR2M7,1/26/2022,Pass
01GPF122F74RTGF8EH6RDVR2M8,1/29/2022,Fail
01GPF122F74RTGF8EH6RDVR2M9,1/24/2022,Pass
01GPF122FFKTVCQ5Y8R49EEWXY,1/16/2022,Fail
01GPF122FFKTVCQ5Y8R49EEWXY,1/27/2022,Fail
01GPF122FFKTVCQ5Y8R49EEWXY,1/18/2022,Pass
01GPF122FFKTVCQ5Y8R49EEWXY,1/25/2022,Pass
01GPF122FFKTVCQ5Y8R49EEWXY,1/17/2022,Fail
01GPF122FFKTVCQ5Y8R49EEWXY,1/24/2022,Fail
01GPF122FFKTVCQ5Y8R49EEWXY,1/8/2022,Pass
01GPF122FPM523939N2F1F5D8W,1/27/2022,Fail
01GPF122FPM523939N2F1F5D8W,1/14/2022,Fail
01GPF122FPM523939N2F1F5D8W,1/20/2022,Fail
01GPF122FPM523939N2F1F5D8W,1/8/2022,Fail
01GPF122FPM523939N2F1F5D8W,1/3/2022,Fail
01GPF122FPM523939N2F1F5D8W,1/13/2022,Pass
01GPF122FPM523939N2F1F5D8W,1/3/2022,Pass
01GPF122FPM523939N2F1F5D8W,1/13/2022,Fail
01GPF122FPM523939N2F1F5D8W,1/9/2022,Pass
01GPF122FPM523939N2F1F5D8W,1/26/2022,Fail
01GPF122GNPKQP31MV2HNX6CVX,1/21/2022,Pass
01GPF122GNPKQP31MV2HNX6CVX,1/15/2022,Pass
01GPF122GNPKQP31MV2HNX6CVX,1/9/2022,Fail
01GPF122GNPKQP31MV2HNX6CVX,1/26/2022,Pass
01GPF122GNPKQP31MV2HNX6CVX,1/20/2022,Fail
01GPF122GNPKQP31MV2HNX6CVX,1/9/2022,Fail
01GPF122GQDDZBM052QBEEMN3G,1/18/2022,Pass
01GPF122GQDDZBM052QBEEMN3G,1/27/2022,Pass
01GPF122GQDDZBM052QBEEMN3G,1/4/2022,Pass
01GPF122GQDDZBM052QBEEMN3G,1/7/2022,Pass
01GPF122GQDDZBM052QBEEMN3G,1/28/2022,Fail
01GPF122GQDDZBM052QBEEMN3G,1/14/2022,Fail
01GPF122GQDDZBM052QBEEMN3G,1/19/2022,Pass
01GPF122GP9BPV7Q3KFE1S43XG,1/26/2022,Pass
01GPF122GP9BPV7Q3KFE1S43XG,1/21/2022,Pass
01GPF122GP9BPV7Q3KFE1S43XG,1/22/2022,Fail
01GPF122GP9BPV7Q3KFE1S43XG,1/5/2022,Fail
01GPF122GP9BPV7Q3KFE1S43XG,1/17/2022,Fail
01GPF122GP9BPV7Q3KFE1S43XG,1/4/2022,Pass
01GPF122GP9BPV7Q3KFE1S43XG,1/9/2022,Pass
01GPF122GP9BPV7Q3KFE1S43XG,1/19/2022,Fail
01GPF122GR5JTN36RARTDZ7BAB,1/10/2022,Pass
01GPF122GR5JTN36RARTDZ7BAB,1/8/2022,Fail
01GPF122GR5JTN36RARTDZ7BAB,1/7/2022,Pass
01GPF122GR5JTN36RARTDZ7BAB,1/29/2022,Pass
01GPF122GV8QMHSJ995X5WQAQ2,1/26/2022,Fail
01GPF122GV8QMHSJ995X5WQAQ2,1/12/2022,Pass
01GPF122GV8QMHSJ995X5WQAQ2,1/17/2022,Pass
01GPF122GV8QMHSJ995X5WQAQ2,1/5/2022,Fail
01GPF122GV8QMHSJ995X5WQAQ2,1/7/2022,Fail
01GPF122GV8QMHSJ995X5WQAQ2,1/15/2022,Fail
01GPF122GV8QMHSJ995X5WQAQ2,1/6/2022,Pass
01GPF122GV8QMHSJ995X5WQAQ2,1/25/2022,Fail
01GPF122H4T2371YN1GJ83HVY3,1/28/2022,Fail
01GPF122H4T2371YN1GJ83HVY3,1/24/2022,Pass
01GPF122H4T2371YN1GJ83HVY3,1/23/2022,Fail
01GPF122H4T2371YN1GJ83HVY3,1/11/2022,Fail
01GPF122H4T2371YN1GJ83HVY3,1/4/2022,Pass
01GPF122H4T2371YN1GJ83HVY3,1/15/2022,Fail
01GPF122H4T2371YN1GJ83HVY3,1/11/2022,Pass
01GPF122HBZQB54NRV2HKS3V37,1/16/2022,Fail
01GPF122HBZQB54NRV2HKS3V37,1/23/2022,Fail
01GPF122HBZQB54NRV2HKS3V37,1/2/2022,Pass
01GPF122HBZQB54NRV2HKS3V37,1/10/2022,Pass
01GPF122HBZQB54NRV2HKS3V37,1/7/2022,Fail
01GPF122HBZQB54NRV2HKS3V37,1/24/2022,Pass
01GPF122HBZQB54NRV2HKS3V37,1/22/2022,Pass
01GPF122HBZQB54NRV2HKS3V37,1/10/2022,Fail
01GPF122HBZQB54NRV2HKS3V37,1/8/2022,Fail
01GPF122HPN4HWEFHH683Y7942,1/1/2022,Pass
01GPF122HPN4HWEFHH683Y7942,1/1/2022,Pass
01GPF122HPN4HWEFHH683Y7942,1/15/2022,Pass
01GPF122HPN4HWEFHH683Y7942,1/10/2022,Fail
01GPF122HPN4HWEFHH683Y7942,1/11/2022,Fail
01GPF122HVPA6ZJNN8SSTV28C0,1/25/2022,Fail
01GPF122HVPA6ZJNN8SSTV28C0,1/29/2022,Fail
01GPF122HVPA6ZJNN8SSTV28C0,1/6/2022,Pass
01GPF122HVPA6ZJNN8SSTV28C0,1/28/2022,Fail
01GPF122HVPA6ZJNN8SSTV28C0,1/28/2022,Fail
01GPF122HVPA6ZJNN8SSTV28C0,1/22/2022,Fail
01GPF122J1VFRM7J78PEHTF0X5,1/18/2022,Pass
01GPF122J1VFRM7J78PEHTF0X5,1/7/2022,Pass
01GPF122J1VFRM7J78PEHTF0X5,1/5/2022,Fail
01GPF122J1VFRM7J78PEHTF0X5,1/18/2022,Pass
01GPF122J1VFRM7J78PEHTF0X5,1/25/2022,Pass
01GPF122J1VFRM7J78PEHTF0X5,1/13/2022,Fail
01GPF122J82X3JAYHTSJV8C65X,1/20/2022,Pass
01GPF122J95NB5T02VNSQR0QCM,1/18/2022,Pass
01GPF122J95NB5T02VNSQR0QCM,1/30/2022,Pass
01GPF122J95NB5T02VNSQR0QCM,1/28/2022,Pass
01GPF122J95NB5T02VNSQR0QCM,1/26/2022,Fail
01GPF122J95NB5T02VNSQR0QCM,1/3/2022,Pass
01GPF122JEA4994H9CBBTW44T8,1/1/2022,Fail
01GPF122JEA4994H9CBBTW44T8,1/21/2022,Fail
01GPF122JEA4994H9CBBTW44T8,1/4/2022,Pass
01GPF122JEA4994H9CBBTW44T8,1/25/2022,Pass
01GPF122JEA4994H9CBBTW44T8,1/16/2022,Fail
01GPF122JEA4994H9CBBTW44T8,1/1/2022,Pass
01GPF122JEA4994H9CBBTW44T8,1/18/2022,Fail
01GPF122JN9SHRJ3YAACF7T86G,1/25/2022,Fail
01GPF122JN9SHRJ3YAACF7T86G,1/18/2022,Pass
01GPF122JN9SHRJ3YAACF7T86G,1/2/2022,Fail
01GPF122JN9SHRJ3YAACF7T86G,1/16/2022,Pass
01GPF122JN9SHRJ3YAACF7T86G,1/1/2022,Fail
01GPF122JN9SHRJ3YAACF7T86G,1/3/2022,Fail
01GPF122JN9SHRJ3YAACF7T86G,1/27/2022,Pass
01GPF122JN9SHRJ3YAACF7T86G,1/20/2022,Fail
01GPF122JN9SHRJ3YAACF7T86G,1/5/2022,Fail
01GPF122JN9SHRJ3YAACF7T86G,1/3/2022,Fail
01GPF122JN9SHRJ3YAACF7T86G,1/27/2022,Fail
01GPF122K16KN691JTSB3HZTY1,1/22/2022,Pass
01GPF122K16KN691JTSB3HZTY1,1/30/2022,Fail
01GPF122K16KN691JTSB3HZTY1,1/3/2022,Fail
01GPF122K16KN691JTSB3HZTY1,1/21/2022,Fail
01GPF122K16KN691JTSB3HZTY1,1/9/2022,Pass
01GPF122K16KN691JTSB3HZTY1,1/23/2022,Fail
01GPF122K16KN691JTSB3HZTY1,1/4/2022,Pass
01GPF122K87QJAH5CB37FKFGNW,1/26/2022,Fail
01GPF122K87QJAH5CB37FKFGNW,1/29/2022,Pass
01GPF122K87QJAH5CB37FKFGNW,1/21/2022,Pass
01GPF122K87QJAH5CB37FKFGNW,1/29/2022,Fail
01GPF122K87QJAH5CB37FKFGNW,1/16/2022,Fail
01GPF122K87QJAH5CB37FKFGNW,1/14/2022,Fail
01GPF122KEGV4234JNDY5WP35B,1/23/2022,Fail
01GPF122KEGV4234JNDY5WP35B,1/11/2022,Pass
01GPF122KEGV4234JNDY5WP35B,1/6/2022,Pass
01GPF122KHNMN04XQSJ9P7ERN9,1/5/2022,Pass
01GPF122KHNMN04XQSJ9P7ERN9,1/23/2022,Pass
01GPF122KHNMN04XQSJ9P7ERN9,1/18/2022,Pass
01GPF122KHNMN04XQSJ9P7ERN9,1/9/2022,Pass
01GPF122KHNMN04XQSJ9P7ERN9,1/2/2022,Fail
01GPF122KQ4W6K9SHG46ZYX0HC,1/16/2022,Pass
01GPF122KQ4W6K9SHG46ZYX0HC,1/16/2022,Pass
01GPF122KQ4W6K9SHG46ZYX0HC,1/14/2022,Fail
01GPF122KQ4W6K9SHG46ZYX0HC,1/27/2022,Pass
01GPF122KQ4W6K9SHG46ZYX0HC,1/14/2022,Pass
01GPF122KQ4W6K9SHG46ZYX0HC,1/9/2022,Fail
01GPF122KXNEYCEXX9YJ2NFKD4,1/5/2022,Fail
01GPF122KXNEYCEXX9YJ2NFKD4,1/28/2022,Fail
01GPF122KXNEYCEXX9YJ2NFKD4,1/2/2022,Fail
01GPF122KXNEYCEXX9YJ2NFKD4,1/4/2022,Fail
01GPF122KXNEYCEXX9YJ2NFKD4,1/6/2022,Fail
01GPF122KXNEYCEXX9YJ2NFKD4,1/22/2022,Pass
01GPF122M3XRE2F6AYZ4QRD010,1/6/2022,Pass
01GPF122M3XRE2F6AYZ4QRD010,1/24/2022,Pass
01GPF122M3XRE2F6AYZ4QRD010,1/2/2022,Pass
01GPF122M3XRE2F6AYZ4QRD010,1/11/2022,Pass
01GPF122M3XRE2F6AYZ4QRD010,1/17/2022,Pass
01GPF122M3XRE2F6AYZ4QRD010,1/17/2022,Pass
01GPF122M3XRE2F6AYZ4QRD010,1/7/2022,Fail
01GPF122MBM0M1CCJGVTPH0Y5E,1/8/2022,Pass
01GPF122MBM0M1CCJGVTPH0Y5E,1/10/2022,Pass
01GPF122MBM0M1CCJGVTPH0Y5E,1/9/2022,Fail
01GPF122MBM0M1CCJGVTPH0Y5E,1/29/2022,Pass
01GPF122MBM0M1CCJGVTPH0Y5E,1/26/2022,Fail
01GPF122MBM0M1CCJGVTPH0Y5E,1/28/2022,Fail
01GPF122MBM0M1CCJGVTPH0Y5E,1/20/2022,Fail
01GPF122MMADBPGTGSQQD53AZR,1/1/2022,Fail
01GPF122MMADBPGTGSQQD53AZR,1/27/2022,Pass
01GPF122MMADBPGTGSQQD53AZR,1/7/2022,Fail
01GPF122MMADBPGTGSQQD53AZR,1/24/2022,Pass
01GPF122MMADBPGTGSQQD53AZR,1/22/2022,Pass
01GPF122MMADBPGTGSQQD53AZR,1/14/2022,Fail
01GPF122MW86P7JYK9APY4TRNC,1/22/2022,Fail
01GPF122MW86P7JYK9APY4TRNC,1/2/2022,Pass
01GPF122MW86P7JYK9APY4TRNC,1/1/2022,Pass
01GPF122MW86P7JYK9APY4TRNC,1/4/2022,Pass
01GPF122N0GDXDBQEGK724T2DE,1/30/2022,Fail
01GPF122N0GDXDBQEGK724T2DE,1/24/2022,Fail
01GPF122N0GDXDBQEGK724T2DE,1/29/2022,Pass
01GPF122N0GDXDBQEGK724T2DE,1/28/2022,Fail
01GPF122N0GDXDBQEGK724T2DE,1/29/2022,Pass
01GPF122N635XGYBJPDQKGQ495,1/2/2022,Pass
01GPF122N635XGYBJPDQKGQ495,1/11/2022,Fail
01GPF122N635XGYBJPDQKGQ495,1/13/2022,Pass
01GPF122N635XGYBJPDQKGQ495,1/2/2022,Pass
01GPF122N635XGYBJPDQKGQ495,1/6/2022,Pass
01GPF122N635XGYBJPDQKGQ495,1/20/2022,Fail
01GPF122NDRA8RTVQFTVVVWN0F,1/2/2022,Fail
01GPF122NDRA8RTVQFTVVVWN0F,1/25/2022,Fail
01GPF122NDRA8RTVQFTVVVWN0F,1/24/2022,Pass
01GPF122NDRA8RTVQFTVVVWN0F,1/18/2022,Fail
01GPF122NDRA8RTVQFTVVVWN0F,1/17/2022,Fail
01GPF122NDRA8RTVQFTVVVWN0F,1/3/2022,Pass
01GPF122NKGZ508CKJCEVNM4PV,1/14/2022,Pass
01GPF122NKGZ508CKJCEVNM4PV,1/10/2022,Fail
01GPF122NKGZ508CKJCEVNM4PV,1/14/2022,Pass
01GPF122NKGZ508CKJCEVNM4PV,1/24/2022,Fail
01GPF122NKGZ508CKJCEVNM4PV,1/2/2022,Pass
01GPF122NKGZ508CKJCEVNM4PV,1/3/2022,Fail
01GPF122NKGZ508CKJCEVNM4PV,1/3/2022,Fail
01GPF122NKGZ508CKJCEVNM4PV,1/17/2022,Pass
01GPF122NVVPHBKCJY30AX02YP,1/14/2022,Pass
01GPF122NVVPHBKCJY30AX02YP,1/15/2022,Pass
01GPF122NVVPHBKCJY30AX02YP,1/23/2022,Fail
01GPF122NVVPHBKCJY30AX02YP,1/7/2022,Pass
01GPF122NZGGHMDEDWTN65WZC9,1/7/2022,Fail
01GPF122NZGGHMDEDWTN65WZC9,1/30/2022,Fail
01GPF122NZGGHMDEDWTN65WZC9,1/25/2022,Fail
01GPF122NZGGHMDEDWTN65WZC9,1/9/2022,Fail
01GPF122P35CMKHYDA5RJC3KW6,1/15/2022,Fail
01GPF122P35CMKHYDA5RJC3KW6,1/3/2022,Fail
01GPF122P35CMKHYDA5RJC3KW6,1/24/2022,Fail
01GPF122P35CMKHYDA5RJC3KW6,1/28/2022,Fail
01GPF122P35CMKHYDA5RJC3KW6,1/3/2022,Fail
01GPF122P35CMKHYDA5RJC3KW6,1/10/2022,Pass
01GPF122P35CMKHYDA5RJC3KW6,1/7/2022,Fail
01GPF122PA22R7J6H1CHADVDN4,1/20/2022,Fail
01GPF122PA22R7J6H1CHADVDN4,1/5/2022,Fail
01GPF122PA22R7J6H1CHADVDN4,1/6/2022,Fail
01GPF122PA22R7J6H1CHADVDN4,1/10/2022,Pass
01GPF122PA22R7J6H1CHADVDN4,1/18/2022,Pass
01GPF122PA22R7J6H1CHADVDN4,1/20/2022,Pass
01GPF122PA22R7J6H1CHADVDN4,1/7/2022,Fail
01GPF122PA22R7J6H1CHADVDN4,1/30/2022,Fail
01GPF122PA22R7J6H1CHADVDN4,1/22/2022,Fail
01GPF122PA22R7J6H1CHADVDN4,1/16/2022,Fail
01GPF122PNC22TKT6WPAY6Z4W7,1/1/2022,Fail
01GPF122PNC22TKT6WPAY6Z4W7,1/13/2022,Pass
01GPF122PNC22TKT6WPAY6Z4W7,1/20/2022,Pass
01GPF122PNC22TKT6WPAY6Z4W7,1/15/2022,Pass
01GPF122PNC22TKT6WPAY6Z4W7,1/9/2022,Pass
01GPF122PNC22TKT6WPAY6Z4W7,1/10/2022,Pass
01GPF122PNC22TKT6WPAY6Z4W7,1/13/2022,Pass
01GPF122PNC22TKT6WPAY6Z4W7,1/28/2022,Pass
01GPF122PVMC0G31NWKA8WQXNB,1/3/2022,Pass
01GPF122PVMC0G31NWKA8WQXNB,1/3/2022,Fail
01GPF122PVMC0G31NWKA8WQXNB,1/16/2022,Pass
01GPF122PVMC0G31NWKA8WQXNB,1/12/2022,Fail
01GPF122PVMC0G31NWKA8WQXNB,1/27/2022,Pass
01GPF122Q1BA16T6DD58Q2RKF2,1/26/2022,Fail
01GPF122Q1BA16T6DD58Q2RKF2,1/12/2022,Pass
01GPF122Q1BA16T6DD58Q2RKF2,1/2/2022,Pass
01GPF122Q4Q7XAP8EW59DG2SWG,1/25/2022,Pass
01GPF122Q4Q7XAP8EW59DG2SWG,1/3/2022,Pass
01GPF122Q4Q7XAP8EW59DG2SWG,1/1/2022,Fail
01GPF122Q4Q7XAP8EW59DG2SWG,1/18/2022,Pass
01GPF122Q4Q7XAP8EW59DG2SWG,1/23/2022,Fail
01GPF122Q4Q7XAP8EW59DG2SWG,1/8/2022,Fail
01GPF122QA8N1RB1GK8QN1Y74C,1/20/2022,Pass
01GPF122QA8N1RB1GK8QN1Y74C,1/6/2022,Fail
01GPF122QA8N1RB1GK8QN1Y74C,1/16/2022,Fail
01GPF122QA8N1RB1GK8QN1Y74C,1/10/2022,Pass
01GPF122QA8N1RB1GK8QN1Y74C,1/4/2022,Fail
01GPF122QA8N1RB1GK8QN1Y74C,1/5/2022,Fail
01GPF122QGJT19D1XYEK9G00Q5,1/2/2022,Fail
01GPF122QGJT19D1XYEK9G00Q5,1/14/2022,Pass
01GPF122QGJT19D1XYEK9G00Q5,1/26/2022,Pass
01GPF122QGJT19D1XYEK9G00Q5,1/27/2022,Pass
01GPF122QGJT19D1XYEK9G00Q5,1/10/2022,Pass
01GPF122QGJT19D1XYEK9G00Q5,1/8/2022,Fail
01GPF122QQREFS4J4139N11KMS,1/11/2022,Pass
01GPF122QQREFS4J4139N11KMS,1/17/2022,Pass
01GPF122QQREFS4J4139N11KMS,1/22/2022,Fail
01GPF122QQREFS4J4139N11KMS,1/7/2022,Fail
01GPF122QWVM5WYN2XJ0VR8V4X,1/23/2022,Pass
01GPF122QWVM5WYN2XJ0VR8V4X,1/20/2022,Pass
01GPF122QWVM5WYN2XJ0VR8V4X,1/21/2022,Fail
01GPF122QWVM5WYN2XJ0VR8V4X,1/28/2022,Pass
01GPF122QWVM5WYN2XJ0VR8V4X,1/16/2022,Fail
01GPF122QWVM5WYN2XJ0VR8V4X,1/30/2022,Fail
01GPF122R2T031CN6WWRDVCBH1,1/25/2022,Pass
01GPF122R2T031CN6WWRDVCBH1,1/25/2022,Pass
01GPF122R2T031CN6WWRDVCBH1,1/3/2022,Pass
01GPF122R2T031CN6WWRDVCBH1,1/25/2022,Fail
01GPF122R699RS55NK95EKKJK2,1/17/2022,Fail
01GPF122R699RS55NK95EKKJK2,1/8/2022,Fail
01GPF122R699RS55NK95EKKJK2,1/14/2022,Fail
01GPF122R699RS55NK95EKKJK2,1/9/2022,Pass
01GPF122R699RS55NK95EKKJK2,1/6/2022,Pass
01GPF122RCMYZ5Q915D3V976KV,1/27/2022,Fail
01GPF122RCMYZ5Q915D3V976KV,1/7/2022,Fail
01GPF122RCMYZ5Q915D3V976KV,1/19/2022,Fail
01GPF122RCMYZ5Q915D3V976KV,1/26/2022,Pass
01GPF122RCMYZ5Q915D3V976KV,1/5/2022,Fail